<!--Sun Jun 16 10:00:59 2013-->
  <configuration>
    <property>
    <name>hadoop.proxyuser.hive.hosts</name>
    <value>sandbox</value>
  </property>
    <property>
    <name>ipc.client.connect.max.retries</name>
    <value>50</value>
  </property>
    <property>
    <name>fs.trash.interval</name>
    <value>360</value>
  </property>
    <property>
    <name>fs.checkpoint.size</name>
    <value>0.5</value>
  </property>
    <property>
    <name>hadoop.proxyuser.hcat.groups</name>
    <value>users</value>
  </property>
    <property>
    <name>fs.checkpoint.edits.dir</name>
    <value>/hadoop/hdfs/namesecondary</value>
  </property>
    <property>
    <name>hadoop.proxyuser.hive.groups</name>
    <value>users</value>
  </property>
    <property>
    <name>io.file.buffer.size</name>
    <value>131072</value>
  </property>
    <property>
    <name>io.compression.codecs</name>
    <value>org.apache.hadoop.io.compress.GzipCodec,org.apache.hadoop.io.compress.DefaultCodec</value>
  </property>
    <property>
    <name>hadoop.security.authorization</name>
    <value>false</value>
  </property>
    <property>
    <name>hadoop.security.auth_to_local</name>
    <value>
        RULE:[2:$1@$0]([rn]m@.*)s/.*/yarn/
        RULE:[2:$1@$0]([nd]n@.*)s/.*/hdfs/
        RULE:[2:$1@$0](hm@.*)s/.*/hbase/
        RULE:[2:$1@$0](rs@.*)s/.*/hbase/
        DEFAULT
    </value>
  </property>
    <property>
    <name>hadoop.proxyuser.hue.hosts</name>
    <value>*</value>
  </property>
    <property>
    <name>ipc.client.connection.maxidletime</name>
    <value>30000</value>
  </property>
    <property>
    <name>hadoop.proxyuser.oozie.hosts</name>
    <value>sandbox</value>
  </property>
    <property>
    <name>io.serializations</name>
    <value>org.apache.hadoop.io.serializer.WritableSerialization</value>
  </property>
    <property>
    <name>hadoop.proxyuser.hcat.hosts</name>
    <value>sandbox</value>
  </property>
    <property>
    <name>io.compression.codec.lzo.class</name>
    <value>com.hadoop.compression.lzo.LzoCodec</value>
  </property>
    <property>
    <name>hadoop.security.authentication</name>
    <value>simple</value>
  </property>
    <property>
    <name>hadoop.proxyuser.oozie.groups</name>
    <value>root,users</value>
  </property>
   <property>
    <name>hadoop.proxyuser.root.hosts</name>
    <value>sandbox</value>
  </property>	
    <property>
    <name>fs.checkpoint.period</name>
    <value>21600</value>
  </property>
    <property>
    <name>fs.checkpoint.dir</name>
    <value>/hadoop/hdfs/namesecondary</value>
  </property>
    <property>
    <name>ipc.client.idlethreshold</name>
    <value>8000</value>
  </property>
    <property>
    <name>hadoop.proxyuser.hue.groups</name>
    <value>*</value>
  </property>
    <property>
    <name>fs.default.name</name>
    <value>hdfs://sandbox:8020</value>
  </property>
    <property>
    <name>webinterface.private.actions</name>
    <value>false</value>
  </property>
  </configuration>
